{
    "r2": 0.8960542638687706,
    "mse": 1237191559.0893333,
    "rmse": 35173.73393726252,
    "mape": 0.15345764403901638
}