{
    "r2": 0.896885121973217,
    "mse": 1227302450.8692107,
    "rmse": 35032.87671415538,
    "mape": 0.1480353126957708
}