{
    "r2": 0.89538405822713,
    "mse": 1245168536.2463863,
    "rmse": 35286.945691663175,
    "mape": 0.1560998054526618
}