{
    "r2": 0.8887633424683187,
    "mse": 1323970168.2978444,
    "rmse": 36386.40087035051,
    "mape": 0.16365566659527034
}