{
    "r2": 0.8957930191777914,
    "mse": 1240300967.3110268,
    "rmse": 35217.906912691826,
    "mape": 0.1480014583179933
}