{
    "r2": 0.8519166829700144,
    "mse": 1453362284.5239236,
    "rmse": 38122.98892432129,
    "mape": 0.1522826015222578
}