{
    "r2": 0.885325357429002,
    "mse": 1364890038.888285,
    "rmse": 36944.418237242346,
    "mape": 0.16422896176512525
}